Method,Approach,Solver,Objective,Time,Status
MINLP,bigm,antigone,3.0620145766185254,0.054999953135848045,infeasible
MINLP,hull,antigone,3.062014576137941,57.052000192925334,optimal
MINLP,bigm,scip,3.062014576622726,215.46399991493672,optimal
MINLP,hull,scip,3.0619985863697003,343.38299967348576,optimal
MINLP,bigm,baron,3.061745612892784,265.48700043931603,optimal
MINLP,hull,baron,3.061838828171169,644.5750003214926,optimal
GDPopt,LOA,msnlp,4.061881684530917,1.0105548000428826,optimal
GDPopt,LOA,baron,4.061475536696682,4.606003399938345,optimal
GDPopt,LOA,conopt,9.894736842036487,4.475885899970308,optimal
