Point,x,y,Objective,Status,Time,Global_Time
"[7, 1]",7,1,nan,Optimal,3601.365000056103,3674.1943677002564
"[8, 1]",8,1,nan,Evaluated_Infeasible,284.8680000985041,3971.803634100128
"[9, 1]",9,1,nan,Optimal,3601.233000168577,7586.024112100247
"[9, 2]",9,2,nan,Optimal,3601.4009999111295,11189.509764399845
"[10, 1]",10,1,22973.103769012105,Optimal,3600.2809999510646,14802.072162100114
"[10, 2]",10,2,22959.804682408674,Optimal,3600.3469998948276,18404.37149249995
